,2019 PRICE VAR [%]
CMCSA,32.79455881468433
KMI,40.58806374966734
INTC,30.29550391652843
MU,64.21374109554017
GE,44.75783026323562
BAC,44.31597651401383
AAPL,88.74249701851477
MSFT,58.259253553703246
SIRI,22.161937847350448
HPQ,3.0167691526856326
CX,-22.90746942963621
CZR,57.154145429927425
F,25.53720178449636
AMD,143.54753476454374
SNAP,182.03799708626966
FB,51.275067128329034
WFC,19.216186679039872
AIG,32.8728459803419
T,40.618197848050954
C,53.4864420833847
VALE,0.5828096420615688
MS,30.210969002658544
JPM,44.751125383743926
ORCL,19.15854378131188
NKE,38.24325766984647
PG,40.679954493011685
GSM,-43.37349298090662
BBD,7.273678892556969
PFE,-6.04696677679404
JD,65.63234031044497
NOK,-34.002130984551
TWTR,11.246094519884723
AMAT,85.65881019357077
ZNGA,53.76884060879406
XOM,4.924796537511032
QCOM,59.39173184190886
VIPS,160.00001049916713
GLD,17.777954125035546
CSCO,14.819524952359691
AXP,32.01877494633224
BMY,26.641739646168638
V,42.270286868139664
USO,30.050760644796128
GRPN,-26.68711430307935
GERN,30.769236941309597
KEY,40.43990524271544
RF,30.51942113051263
KR,8.690624671624834
HAL,-7.406176001732538
BABA,55.15728664121452
MRO,-6.405826753607635
GILD,6.367168789997536
GM,13.374375586975754
FCX,28.962506918656484
CRM,19.985242145326033
ATVI,27.359799641529424
SQ,9.37063031269113
NUE,10.985030329704884
SWN,-34.9462350085507
LOW,32.363355727096284
RAD,0.45454967683444525
VEON,10.79969444729809
SLB,14.184077177605953
FLEX,59.94930417128571
FOXA,-1.1473697419145212
ABBV,6.380102080903348
GIS,45.02752689123008
VZ,14.242861412988766
XRX,88.73630630635428
X,-37.53188115918626
MAT,38.83196591161589
DVN,13.438418911577777
IBN,44.61868798400686
MPC,4.929735104147985
PM,33.918039331654604
MSCI,77.78490378398396
RDN,53.49614705248692
KO,21.678748051698555
SRC,50.335414858805215
COP,4.896425449339505
DIS,34.346651812448485
LEN,40.05980661115285
CVX,13.294988389909786
PYPL,26.145770459411445
AUY,66.14339331490903
WMT,29.898016005136302
CLF,10.284359117752599
MRK,23.59785544270984
MDLZ,40.91671746452588
MGM,34.529556178092186
GFI,89.98999956051618
KGC,46.29626776036832
SCHW,16.23696738756366
NBR,33.634531475111636
NVDA,73.40984397329379
JNJ,17.402690145992647
WDC,71.16929263353447
BSX,31.224615270169352
ON,45.29200335593318
ITUB,3.612489035627771
BK,8.565163190564466
NGD,6.024097942928766
KOS,42.451690707788316
DAL,19.920671821782634
INFY,10.8323865885308
CCL,6.183974407604258
MFGP,9.878644398785573
PBR,15.75165750956413
DISCA,26.751845819476504
LPI,-23.262033176441165
ABT,27.051288308418652
FITB,31.45705097405138
PTEN,0.5475760700787818
USB,31.748325066482085
BA,2.9201694772563185
GGB,25.413608586796638
JBLU,15.555545874911372
EBAY,27.05513103334426
HBAN,29.35505141821632
DB,-3.479897880323387
MRVL,62.62732565698701
WBA,-10.612646204134236
CDNA,-10.050041256953907
KNX,39.723217903656646
KBH,74.39435695034093
DISCK,27.94796419947425
PGR,27.45901495348118
MO,8.045044216986074
RIG,-3.6414531779627763
BCS,30.916078552690895
CDEV,-59.11504595064406
EOG,-6.4679445583982265
HPE,21.450687562968348
TXN,39.63731480111039
OAS,-41.15523893779295
OKE,46.51233240070929
CVS,17.15279604395406
HES,60.801830465261595
GDDY,8.118431230335212
NLSN,-9.432327859011751
TS,6.918130903928721
OXY,-29.000309480678375
CVE,42.521138037350674
SYF,52.225306486500365
MTG,36.062009630881334
LUV,16.073457157923617
FTI,10.903696233847578
AA,-18.025912962877435
ABEV,13.79110077232643
EQR,30.62039307799791
ETSY,-5.744682474339262
TAL,85.45594916281044
UNH,22.77778796243433
GES,9.04208778509531
AMZN,20.057432442882224
NFLX,20.888441641318014
ENTG,70.22309081220585
CSX,18.400076036171768
WYNN,37.37023723753594
FOX,-5.891162223955829
CNC,11.2743343927164
ZION,28.35139190030165
CLDR,3.3777787950303817
WMB,12.29493204809039
SYNH,51.06680235633382
HBI,21.543683098155316
PAYX,34.69174590817843
D,21.978390479007683
CHS,-29.200267578769605
CFG,38.2102218849397
SU,20.80723830249447
MMM,-4.496315603675786
BIIB,-2.6124885592886757
JBL,68.69326836221923
ACN,51.665355879105476
NTR,7.25501329116202
BRFS,47.707979736444244
SBUX,39.25822878138385
LVS,34.103203911208354
EGO,153.31228831890385
GSK,30.297604680401896
TEVA,-38.17034728786463
PAA,-4.799277162483834
VLO,29.25078601818953
FNB,33.40629496302735
ADSK,42.261164052916854
BIDU,-22.09553064660776
AR,-70.7991819897828
VOYA,53.2600615419731
MLCO,33.57251185963503
SM,-26.052408416366816
NTRS,29.871103883695472
DHI,51.62148459407846
UAL,4.644804013471165
HRB,-4.34023455153938
BTU,-68.02227877419192
JBGS,18.666101107472404
IPG,19.20939699182935
KHC,-21.74738466183098
COG,-24.753093630892394
IBM,22.18889121507992
NYT,48.18289290199291
AAL,-10.602067645584015
OLN,-13.232691869161886
JCI,36.979188101867024
VICI,45.57184557338674
VST,4.797762352028402
NWL,9.01720292549456
EPD,19.928999613872126
KMB,26.970486018094856
AEP,33.74042230779359
IT,22.447364300289337
CAT,20.166123847190036
AU,76.35999200477477
XRAY,50.39480160514622
KKR,51.64538068407053
CMC,39.334959433013545
TMUS,20.165485139340493
NRG,4.625096844729137
CPB,58.704600005000465
WRB,46.890681136229645
MOMO,37.00606112093823
TV,-6.719955858155993
GLW,0.06919341318609759
MAS,64.52710326527857
DOV,65.0991207501613
HRL,11.37232359814953
TECK,-16.71499881950282
AES,44.96657597261729
PPL,34.465639784898286
SEE,14.53363491373584
NLY,6.45997153016041
FRC,35.2245997549942
STX,60.10782984651303
ADBE,46.86288765286307
K,26.901026628993552
M,-40.16463180790637
TSLA,34.89294904017222
STL,26.851267383780957
NYCB,33.25600422897047
TRQ,-54.8780471494267
BAH,62.83202077828538
ARI,20.13639551906402
MET,26.951118868437103
AFL,18.655043115679366
TPR,-17.579854115698495
WPM,56.46624217649179
LNT,36.99289167588935
BTG,38.579338855052995
WLL,-67.65094764290298
LKQ,50.632909762453814
PCG,-54.327730109198114
CENX,-0.3973537622577146
CLR,-18.127274942472717
HL,38.14755801137242
LULU,87.81516095239338
UAA,21.280185452980323
CAG,65.74121032196625
STLD,15.205659931978166
SO,52.34655459155797
COST,44.953566212354566
GKOS,1.3395371547965116
CCI,38.87709742011676
ZTO,47.267564217513126
GS,36.41235360440145
ADT,36.833905821146466
ALTR,34.19282339412971
EMR,31.534910505752467
CNP,1.4444110616487138
COTY,69.12938177349201
MA,58.24366701041321
AWI,58.38322719354845
ADP,33.70706511254751
BBVA,10.649325605209883
MNST,30.332242462354316
AER,50.772628232820225
CDE,67.98336839556983
NCR,47.669049290423835
AMT,49.23400365462157
PSTG,4.26569634033144
SJM,14.417853214665616
ETN,137.71408047889332
DUK,12.371567540233645
CL,19.136484186728925
IDRA,-48.29545277517195
KAR,29.782553827277404
NEE,46.038135898240455
PXD,13.674662552139258
ADM,17.159797019133556
VTR,6.461930247991278
VMW,11.479132730830063
RIGL,-9.3220254224934
DKS,60.291788591467245
WTI,24.663674780809934
LRCX,115.95545572140288
NXPI,71.62702761084552
CE,37.95053446645217
HUN,25.920992002959704
CSTM,88.20224485829564
VER,79.57110048055867
GPK,57.62185481268147
WELL,26.913224793439287
TJX,39.005194752807824
PLD,60.484508982938635
KSS,-20.963771926672152
XEC,-15.06923069056518
DRI,12.212054432240297
ENDP,-39.16990876763138
ATI,-7.561523513255902
IAG,1.0840097895054734
VFC,51.68114479912948
BDN,32.6645163267048
YNDX,58.087972797645016
GOOGL,26.994912811305728
ICE,24.470608357081232
OMER,18.902951046490536
WY,47.80396968956245
BLL,45.992086119606725
AMGN,29.442980497112263
FSLR,31.484956012221733
IVZ,14.231131777214005
DG,46.20626474209934
SID,51.925651613924494
SLM,5.800250981475725
SLCA,-43.79607760716343
SGU,7.288583232526142
ODP,9.214501649899173
PK,8.61503145658935
TLGT,-67.7348488385629
PDCO,7.390818367886758
Z,51.36737413274556
BCO,41.76918991146487
CME,11.167088425138875
BKD,10.486323179648764
PPBI,27.958510950005223
AIV,150.9235744522211
TAP,-2.058938436935635
UNP,34.13655565282912
BDX,25.11255307505658
GME,-51.90293832009106
MX,74.58645849892669
RLJ,17.819947293280787
NCLH,37.82444165948148
NOV,-2.2989077095686974
CNDT,-42.32558316962663
MTZ,56.94716728408212
SYY,41.012890655445915
CEF,16.812746012824526
FTV,13.849101451156077
BKI,43.416380493660526
CTSH,-0.4604891755093189
HOLX,35.892768278874435
EIX,37.65945329694422
CTXS,10.032064356264534
CPE,-26.259543149525882
CF,16.697936136056935
PNC,38.65220575738405
SABR,7.7601362288522715
WIT,-26.42583025260788
LYB,43.37494185830582
DISH,37.0556505831527
MGA,23.969904297169567
AEO,-22.574229566960568
BP,3.99309639707044
XEL,35.253688719818335
NTNX,-25.464946942143484
VVV,11.635684185385056
HQY,25.308744594823786
ARCC,32.06001141675718
UPS,24.645326864134017
MUR,16.10163674288969
VMC,48.958853272331446
NOMD,30.742256231712418
SFIX,47.386559863906676
GD,14.758689256395833
KIM,50.46458347208335
FNF,50.13420087769441
BXMT,26.424826377587372
NWS,26.785545585581875
CHD,10.602018700909012
DLR,20.310584766724993
IP,17.853056926245507
CLI,24.29591977576793
SE,263.98190521685734
CC,-35.066469303009065
DAN,34.67750002040228
ZBH,47.4211322004871
NVAX,-89.8984775001612
BBY,68.46635879510112
LC,-6.863470790293355
PWR,36.658680694342635
TNDM,75.32353120691636
DXCM,89.9114472248657
NTCT,1.7328818683697265
NYMT,18.111288112780134
NEM,31.160017975416142
BEN,-9.863530820436576
SHLX,28.29373857006009
NAVI,54.67868837762343
PBH,31.87887075020229
SBH,5.552336805318071
NI,14.296730008550362
LLY,16.989170282413802
STNG,113.72811837433984
TTWO,17.70983346853423
KLAC,100.80147218016369
LADR,25.870414892102957
FHN,28.428336768257793
GOOG,27.84051735357019
HSIC,11.360125261492025
HLX,68.65148949396638
RSG,27.608262852463184
BIG,1.7313352486496099
PAYC,121.1863128786095
GCP,-9.557950886267637
YUM,11.999336266138014
STZ,17.49382492170248
LBTYK,5.314002094582006
LYG,36.82495453016952
MEOH,-19.821328447438006
GIII,17.37911326335712
USFD,32.145105304294304
SFM,-17.624518646180327
THC,114.01236803391109
DOC,29.56007660181484
ALLY,36.615039839028135
QRVO,89.98039028630181
TOPS,-95.40229885057471
EVR,4.07832973484097
CMS,33.646650650791024
DOX,26.221164967216858
RIO,40.80237280625196
HMHC,-32.93991196726236
NMRK,69.4522677042299
PDM,38.23068306739065
SRNE,28.03030227771916
HP,2.039388236439472
FLR,-40.893989452466464
JHG,26.28300226175077
FDX,-5.863050900431569
EMN,12.037435271634484
OPK,-55.319147548491735
LNG,1.4451774615627928
WU,62.08890931721233
BAX,29.420020370904894
CARS,-44.555354993566596
NUAN,53.34065530107649
TEL,30.03582738551307
MLM,65.07168394393202
GWW,24.803638414901958
PBF,-2.52857117178653
EA,33.76882245374409
GPRO,-0.45871514481795594
BW,-21.041214761760887
CMI,38.30659173500868
HCA,22.901267708748087
VRTX,33.441001039044664
SAN,-3.1581308795323775
CNHI,23.925583649293618
CNX,-24.034329002096445
INFO,58.89918727363559
YY,-14.329758137098153
ES,37.77245537247882
FWONK,48.46576715708199
OII,17.958856348358506
NOW,58.32211514600757
APTV,56.96020286973192
HOMB,22.1260348453862
QD,6.561084996545628
NSC,32.38851248274067
NKTR,-36.90824259957675
PSX,30.97989235904165
GAB,29.088521244304864
CERN,42.56523211831962
AMH,35.72401603802653
CDNS,60.44413912747293
FOE,-5.661579695958683
A,30.97613040808966
MDRX,0.40899757612646925
MOS,-25.202794418839886
LPL,-14.320990982950892
SKX,86.24406050909181
HST,18.639160431855256
UE,21.127943760641738
PHM,49.88522452773061
MT,-12.230641779782227
ISBC,17.299920115680585
CAAP,-8.116388863391855
WRE,33.81318544691982
RRC,-50.615922850584326
FL,-23.854651900851668
NTAP,6.238973266617767
AGO,29.681176411158773
DRE,42.33244221349819
BBBY,51.96790460073354
CCJ,-21.358245971409932
MAR,42.93693309376706
AXTA,28.704481534289922
VIAV,51.05739717028608
CONE,35.55401422399433
AEM,54.62597746644195
BB,-9.704641972761802
CB,24.76315996938093
PRU,18.477338394831996
RUN,25.774143855783592
PVG,31.40495588609008
HA,11.10884757088431
PBCT,19.96530147379996
UCBI,44.643510476309004
LBTYA,6.460670043697571
AVYA,-7.470871426924232
CBSH,22.56903587895087
SC,35.63383399824741
ANF,-12.32111349945953
HIG,43.02921403122617
ITW,45.706815612452026
YELP,0.7521033801727108
MTOR,52.17897691631471
EVC,-4.58394484173789
IRM,6.893905878499796
TSCO,15.201729072118214
POST,21.31657745345522
EL,58.10800762314403
ING,20.75402122223883
UBS,5.702570741865144
KRG,54.1071497454175
VSH,22.631830262808943
TER,116.44580356449039
TRUE,-48.48156331419813
RLGY,-34.36139098897431
HPP,39.744739356888836
CNO,23.61954872872349
JNPR,-5.5888493557293275
URBN,-16.330215104569717
ROKU,311.74659290177755
FEDU,-35.483869334085554
AUD,-22.01680646677759
BANC,29.091277399553995
INVH,55.210383237963356
OMF,86.06882326066568
LW,18.106055387900415
CTRE,20.01473678841818
NHI,15.952215736164923
FE,37.163382708174915
ASH,8.547026275632644
MCHP,51.6980732030762
KLIC,36.87042386503968
O,23.446943938802477
FET,-62.16216518085359
TPH,37.147890797235654
AMX,11.492174355975106
FLO,22.52820781048006
SHO,13.597279900641016
TEAM,35.16791866549436
COF,35.6205236846567
FLT,55.063323356801966
PLUG,137.59398374935432
HIMX,-23.782234299198468
IGT,5.846984768385327
FANG,-1.7540953177579792
TROW,36.318413989410416
ARLP,-29.7896539102728
RXN,39.10447628089116
OSK,55.93329382926922
DHR,53.452653844541395
BLMN,23.693989184364185
AMN,11.967654384187233
PPC,112.6055912331368
GNTX,45.43126537964738
RCL,39.94206200249284
INTU,35.754860468218496
W,-0.11053219052926257
PCAR,43.24187494784999
IR,87.75371144942241
PEG,19.900088236910214
FBP,25.713733023589334
MDC,38.31977987807353
TISI,7.325269786322478
YUMC,41.93078751877677
ALV,24.000433724862212
BHP,25.61883594915836
BXP,30.014533530821474
BYD,42.15402172919834
WGO,115.41004727528149
KSU,60.95988242214296
PUMP,-10.855783660717437
XLNX,14.145649194179994
NOG,-4.489789284259447
FOLD,-2.988049719867667
JBHT,26.49853301423396
FBHS,72.59500502885015
TXT,-3.0741494851705022
EXPD,17.517458476189585
EXPE,-2.318298435131955
WERN,36.64309228362916
AGI,60.82848533450608
ED,24.695913688946515
HCSG,-36.65285638803982
DVAX,-39.47090046939952
DLTR,3.125006797021123
OUT,56.754931728324195
MTSI,78.88366231463236
DBD,291.1111197451994
CBT,12.879099064385644
STOR,40.96141894873876
BGCP,23.960761030972726
ABB,31.93910010064708
GTE,-41.89189435909167
SWKS,81.55680599242807
CP,46.21706221986151
PNR,23.71340049236378
PKI,26.634385374255405
IIVI,5.416398265375729
CROX,51.77535800967896
ASB,14.164926820141682
UHS,22.694367236798442
ENB,34.59248193720541
TDC,-29.08609150261279
AG,103.65448789415808
ACHC,28.46094523062544
NAT,143.10995005941828
MLHR,39.301335006901844
SPG,-5.058625906164071
QRTEA,-57.055525149063556
TRIP,-36.99255407893496
TRP,50.357623104467585
FAST,47.558522163031505
RH,81.48589009495237
CBRE,53.493614943906856
HGV,30.66109342095156
AEG,6.269042492151793
BTI,44.41231024289252
NVS,29.780699228717754
EWBC,12.35554679004712
QSR,27.76396506519765
GSAT,-23.529415373983642
VRAY,-31.493508202528226
SGH,21.252788483881595
ALNY,58.2875134518406
BMRN,-0.48257537327325006
CASA,-68.65900312023231
CXP,16.01111834108507
AGNC,12.727868728376935
HRTX,-9.615384615384617
MPW,42.52652015468101
TXMD,-37.62886585268436
CIM,27.223280020493018
INSM,70.93771441885225
NG,126.26262504632906
BGFV,7.752660873100363
AEE,24.048190154391914
HCC,3.5269276639081437
LAMR,39.3870105263343
EXEL,-11.590564127299489
HZNP,81.63572608445162
ADI,41.16147857109209
AKBA,8.965516617692204
OLED,126.57066737102582
MBT,54.81485108309819
TMO,48.448748333450595
LBRDA,71.35781176923018
OFC,45.20807111806826
STT,27.607348341418998
HLF,-19.65279504846781
WRK,15.828231462107642
BR,32.19582011123421
MCD,14.948958212254768
PRO,93.60257412560546
SSNC,39.28285091308018
TWO,27.24520883502291
CHTR,68.43640509084806
AXL,-5.1146377063645225
ACAD,156.93693549209308
VLY,31.789947058204387
VOD,3.3476357820424534
EXTR,19.837394654849376
FEYE,3.18352193700892
SUN,25.109336583865215
VECO,89.06048412411488
ZEN,33.06129024202561
ATEN,10.806457684758417
ATUS,59.696254745114395
SIG,-29.181379213873942
BDC,31.481459341584255
ERIC,2.9566030357029027
XPO,38.24804399414548
APO,104.13440204872076
CRI,37.29699481688068
MANH,89.02584165886442
AGCO,40.34284684034977
TILE,15.943100324340186
GNW,-6.976742544933333
CAKE,-6.989007773691805
CAR,41.96390567232572
TMHC,32.64563845603827
URI,57.89623171341736
SPLK,44.95741842318609
VRSN,30.400649593193606
MCO,70.27511773866296
SLG,22.97957464514784
BZUN,11.178240731848176
PAGS,75.2693701825134
L,17.03008004092357
NWSA,25.980059300969984
MBI,4.377108305293953
ARNA,12.928883118893356
VNO,18.106098092216328
PDS,-22.65193533182017
BCC,62.2102616800122
ULTA,2.0849288799026175
PRTY,-76.48241247210503
JACK,2.0113127477189097
OGE,20.393399518862264
QGEN,-0.9668966326607596
CPRT,90.7298696714448
EAT,-2.947738471548691
DXC,-29.648367607727288
UEC,-28.124997089616887
CLVS,-46.20938301450411
UDR,25.377410977599713
KBR,96.73879692366545
STM,98.34291416484716
AQUA,91.41415649622739
EQT,-44.774492427067536
FISV,60.13017410255297
SRE,45.936804021746994
SAVE,-30.307743314403403
DXLG,-41.81818437970369
HTA,27.907360434430224
NPTN,33.839142497752576
SQM,-27.71784043251201
SXT,20.678795356468967
OMC,15.208093444082978
LXP,36.45854746510926
FMC,56.266751982106456
KN,58.30838444639954
KW,27.08509114131449
SCS,40.89283241699453
CXW,7.1463503667008155
DFS,45.874117468314246
PH,39.582158347849514
USA,39.704341462505894
CIEN,25.780790671907138
OIS,7.1616240459262475
SCCO,49.40010577410307
YEXT,-3.8666661580403647
ATSG,4.12782232349597
REVG,60.375880880965624
ALLE,55.27932479538188
MHK,14.991573893292301
SPWH,80.44943993598166
TWNK,32.30209521991348
EQIX,70.09637932709364
GRA,7.912016277964866
VNTR,-12.356978855708636
SUM,89.83319562246072
RDFN,45.09265499269788
ERJ,-14.592462612790168
UNM,0.3418251663458124
NJR,2.765148846209168
NNN,17.73988243761662
PAGP,-2.3753691495029035
LIVN,-17.137206067577175
CTAS,62.21558066352289
REGI,3.6139966389305473
VRNT,30.751065890770228
HAS,35.52442071664617
AOS,11.635826137539848
DGX,33.72244507620492
HALO,19.797292660413014
SGMO,-28.947367781917833
KTOS,29.84859680952965
FIS,38.70289803979603
TRN,9.446765224481341
SPGI,62.35270445938655
BHF,23.675915483768744
RYAAY,21.86674273774813
AN,34.89598362632431
WDAY,2.9485359290786337
ABR,53.51550714709668
MCK,23.808411940720436
VC,41.950813668673156
ROIC,18.833397778617655
MUX,-33.31171220843015
IEX,39.27952444718274
INN,35.644902999370125
TROX,39.92183659541381
OEC,-21.304055652518645
ATH,16.037503567160886
CSOD,15.665745698348474
ABC,16.402491224145646
EFX,52.45866558876183
DPZ,21.93588667859998
TTM,5.887230625565255
OHI,33.56487457508537
SUI,56.96015972561658
SIVB,28.186273478581676
MPLX,-9.468091186347333
EC,26.42251536208992
FIVE,22.283859598122945
LPLA,51.7830809613948
SEIC,43.757914672966294
SIX,-14.360457873784583
VEEV,60.77266784384968
FORM,84.57711355109552
BRKS,62.55275928561933
NVO,26.712370951073623
SWK,40.102285784465224
SNDR,16.216347271549825
VNDA,-39.26721106809969
HTHT,39.470930943372935
EW,56.31868928186099
SKT,-22.06319453409173
ROK,37.49224710836364
PENN,31.413873847476054
AMRN,64.79631173611679
ALL,40.50471646458212
IONS,12.348892194754873
APRN,-59.38271843320501
SBAC,50.35747318133234
MFC,47.83207220832001
ZTS,57.66265366533523
BUD,27.503343644274285
UA,16.595741128394355
AROC,32.962438754187836
THO,45.80020792126005
BGNE,21.85547011271739
WB,-21.36070655909833
KT,-16.460069567892546
TGNA,54.14686070601101
CHGG,33.06423359765521
WM,30.847782117179023
ASX,57.307578255090384
BDSI,73.15068511046618
THRM,9.227362343305488
UMPQ,14.024618137645216
RHI,14.072268821892791
HLT,57.36545289890622
DNOW,-6.721995077141171
WPG,-8.69534805901464
PNFP,39.034832630648545
DRH,31.358263490053854
OC,49.909748204802526
CUBE,16.638571393560845
GLPI,43.457145638269296
CBOE,26.668190937618686
RDNT,94.07264974213868
AGRO,18.555240133101055
AL,56.52796342587661
EVH,-54.06091451651037
UIS,2.065402525661185
JELD,59.686221630790904
TDG,84.63021998167189
LITE,86.19394873831509
RY,19.87320445118
ROST,40.36040600996197
SYK,37.29958170076465
REI,-49.034745320620985
TRV,19.376927908049556
CSL,62.37281832489404
GWRE,39.42587573051232
ANET,-3.3958722638991405
PCRX,8.39913434945401
CSIQ,53.04709850194536
ICHR,98.153654816038
WSM,50.90924630419269
EXP,47.48689218641256
BWA,25.72241038341311
SWCH,113.27609941412142
APLE,22.48715321019039
ADS,-26.06821738548062
DRQ,51.665048123398364
AXS,19.578380997363983
MTDR,11.823278585153433
CAJ,4.637173274172796
CNI,24.730977032209836
ILMN,12.637512769625744
ISRG,26.848055135556603
CAL,-15.407688741933976
SAP,36.93856212431621
ESNT,53.53937540004941
NMFC,18.753163035360913
BLDP,164.94463938266657
OI,-31.319560072767693
MDU,29.9758791254849
PSXP,54.0037120795145
CREE,9.776404664238592
CWH,20.992885986964872
DECK,30.454262535099698
COHR,55.78760817121168
SMFG,16.086373618799982
FULT,14.94623805801782
UNIT,-47.34495595855518
LAZ,11.58989750656111
CASY,26.97854499888928
PODD,133.14720990975536
NEXA,-29.272471766715814
MATW,-5.092328470583015
PLNT,39.38036161449261
CAH,16.809928293983386
AYI,20.245327196018557
DVA,45.04156088003953
AMPE,31.818178739429488
REGN,0.8162411462233146
MELI,91.91972876723776
SGMS,45.464426445445994
IMMR,-17.075895126053712
VKTX,-3.605760193082377
MYOV,-8.328410053135375
ABM,22.895959112600288
NGL,29.716939968110673
ARCO,2.253299134607219
TYME,-58.57988376459819
UNG,-31.155570567889114
MGPI,-13.462577676556473
NTES,37.96485730748494
LTRPA,-54.40446946662749
LNC,17.450140403589412
NGG,36.34351814990409
SND,6.779664955205086
GTES,2.1529321165855855
CMA,6.831085397902305
ALK,12.542415049139196
PFG,29.15763333466716
HUM,31.175605764265658
TEX,10.190640204291924
STFC,-7.544452755615091
SAND,60.90711933307888
JWN,-10.054670189356614
HDSN,-10.091744122626764
HFC,1.5830182051223496
EDU,119.21894230606756
ESRT,3.2257648658681997
LBRT,-15.872287219024336
PEB,1.4979051084547117
TSN,74.81120435486784
HSBC,2.009917327924759
OMI,-20.376863622940732
PTC,-8.581541670446285
CDW,82.4531331480155
SBGI,25.743521422348486
MMP,18.473295134228593
PLAY,-6.540681265982917
HDB,23.114918474659444
TSE,-17.057871809005267
WAL,44.40226164545487
SBS,70.70416514268167
ARE,49.04575579696589
EXAS,44.1846028016317
TRGP,21.551024584179014
LYV,47.94038333481915
MFA,27.163031090704166
ECL,34.48263790860774
RESN,59.210533332956885
ELY,36.91172301974326
ARES,113.4966203634314
MKC,26.95367653788225
WAFD,37.95001890357456
BSBR,3.1287284192862588
CQP,17.842583878040706
PETQ,5.607082471361022
RMD,40.435940698987054
IRDM,29.820863982724926
BKU,22.673403438999127
H,35.345866946579314
MDXG,311.9565101196051
EXPR,-8.97196313326761
AVB,27.654087000373018
INCY,37.38199781021017
LBRDK,72.42561288056875
NVCN,-14.126989148851754
TRMB,28.39543288999668
CVEO,-17.8343979996732
TDOC,73.76504917063986
TRU,53.49720673466284
SOGO,-17.721518659896212
XYL,19.966298304350833
ACGL,63.76479005364681
SFUN,-59.43262357238337
SBNY,33.06222017197668
GRFS,31.58038961853398
DY,-14.27272449840199
MGP,25.59883366494555
SONY,39.573067110482775
MAA,47.20770998435284
AEL,8.253487238582727
GOGO,98.14241664318158
DBC,11.531355347624823
WES,-24.102481422841844
QUAD,-58.60782426432588
SYNA,75.19977367891468
VSTO,-36.122971864164526
BHVN,48.37830652596058
PPG,33.51149453612779
ORI,20.086163894811726
TPC,-20.02487737752847
XHR,35.403821555971824
MC,-3.3622530395617196
DDS,17.03402957969371
TMST,-13.43612115024887
FR,51.46872970146268
NMIH,85.7782708358074
MTCH,93.74704705264237
TRHC,-20.48350321052692
CIG,-5.33431188774967
HAIN,60.04932295588251
CUK,2.0790181954305096
ECHO,1.1730287839990037
MSI,42.51318415881571
PDCE,-13.9710749924111
FNV,48.87663859216095
LPSN,98.60441044956814
TELL,2.3909996216823686
KMX,39.22502218424824
LFC,33.87238434410497
ESPR,30.452859904718526
BRX,59.93966985374614
LH,33.805265965834096
PLCE,-27.62513635497699
NBHC,17.361533056687453
FND,93.85731838270802
MOH,20.19665442025725
FUL,20.95069688392138
MRC,6.729269392180363
EXR,24.90374567826541
SCHL,-4.167679339525414
CPG,42.87238629114663
ADTN,-6.1806586168754585
WHR,41.44471466352484
HSY,42.51620394864613
HTGM,-74.0000006593304
SEAS,38.29044335998131
BECN,-1.6907447208715662
BPOP,25.198272765601214
PGRE,16.91863642383794
COO,28.218932087182253
JT,-66.36568696898718
COMM,-16.87170571721897
ABEO,-53.48506567092037
CPT,29.76174295623984
SHOP,188.93893091339595
RETA,266.8221682306834
MWA,33.4539234236787
BLUE,-11.809050520950613
GWB,13.09399066433257
WPRT,57.99999237060547
CORT,-12.445726131228902
BOOT,153.44336683406175
ALEX,16.98478366607896
TKR,53.29820748496722
RL,13.890398608702819
DBA,-0.5316764385469085
XXII,-58.801498411614396
AXGN,-13.281628126912375
MASI,49.79151117038979
OKTA,82.37433735010232
TD,16.192836198722453
BRO,47.29006999551505
ALSN,10.768980908191653
FAF,36.21391913196235
BRKR,74.604114354877
G,58.83947502106825
CFX,73.9837462151763
PANW,26.221271505742845
GPC,15.529736609962516
ELP,115.96073171202784
KMPR,19.011853511553536
NBIX,53.35997072332629
CHKP,7.2077285840315515
JAZZ,19.299929717867265
CMCO,35.76469357009996
CRS,35.1414387062337
AMC,-39.60334908712634
BVN,-6.740934665223857
EXK,9.545456072515659
BLK,33.01666335882682
IMO,6.192959780913646
UUP,3.3147973978111227
POR,28.754506559924824
BBL,26.43097523046069
ORLY,28.465489551967238
FFIV,-13.357736541535376
HOG,13.748889592350091
STWD,36.726771417437206
PRTA,50.76190403529576
UNVR,36.17977983195186
TUP,-72.45570349139842
FSM,10.86956113295211
XIN,4.696336304985511
SCWX,3.349869603383911
PAAS,63.414874711006675
ADNT,35.78275091354689
TRUP,46.72933050122327
HAE,18.08838429815767
HOPE,26.759589593626202
MRTN,36.58779205437381
DLX,31.03163528403915
UUUU,-31.294964522371682
GEO,-4.969032783300136
AAP,1.5733147978261288
AON,46.00096568594492
TGTX,157.54061551822852
SKM,-10.687583423559563
MAN,52.862892404083915
CRUS,140.54292965423986
TXRH,-2.9996359123121588
TNET,38.140559401436946
LZB,16.42154925188831
FTSI,-86.51102487113398
BXS,20.89155731903983
CVGI,9.67184708927561
TRI,53.98098159722407
JQC,21.708336644277882
GMS,72.59401305251342
PBI,-31.43852505323541
RJF,23.87065241271544
WWD,61.221073016373694
TTC,46.02184668951972
BAM,54.67129023034283
SHW,50.16688516619217
AMP,58.51052919821532
SNR,96.81515741997414
WSO,34.94313408897328
ATO,27.071219731268435
HOLI,-7.238724682747509
CBAY,-76.27118663636769
STAG,36.75944612458843
WAB,10.503392492723874
AVEO,-66.12021820903082
PFGC,62.70543784864573
MUSA,53.44261262328145
RCM,64.51203753971603
DK,4.608354847732418
CM,18.94637020480142
SWX,5.398683698866699
SSRM,59.96677281305578
IRS,-47.29626796664653
MIC,25.933498121637932
TSEM,61.80228413658643
DNLI,-9.881013217541252
CHRW,-3.4346156904003444
TTD,123.63980930126364
ASML,92.38932977151788
IDXX,43.116296872834816
ONCS,-72.5757580464646
SRPT,20.03720305686773
SGEN,98.74760619293423
CNK,-4.803030354181303
TCBI,9.998061977114478
OCN,0.7352922614470139
MDB,64.61539166230725
DXPE,34.94915719759666
NWBI,1.4596405402531107
ENS,-2.5355706738741617
TFX,49.792584703772015
EQC,24.52136120941908
DEI,36.726157455064346
UFS,14.41002669399993
MTN,16.61833676398697
SPR,1.207203076054877
PSEC,12.932947749119828
LEE,-32.38095328921363
QDEL,54.41448558073486
WETF,-26.744923764759744
NRZ,27.387484086023427
HBM,-13.205313005508135
BJRI,-24.911671744257667
EVRI,161.7933724284024
LCI,64.8598103186315
PII,33.938203944019406
JCOM,37.69611463036801
CTT,69.53312140765037
AHH,38.862750146251344
ZS,16.804818879502427
SF,47.992977007891966
RCII,76.80895063787334
VEDL,-21.986146169013985
WBS,9.583437664866851
CRON,-32.1839098874774
WST,56.720895859355856
SCI,16.62193653877016
BERY,1.5828912908380681
ENIA,26.912900493630236
TEUM,-74.85714299338204
CCK,75.93985887804352
MAG,55.380581763869486
WNC,13.942524779884803
CSGP,78.74641973248796
ETR,47.86554626226997
TTMI,53.728296725000554
FLS,33.06806389874438
ARWR,383.46037239673984
IAC,38.210171467430904
VIRT,-35.44128188823757
UCTT,170.3916876518957
WBT,38.755552503797745
ANGI,-46.32445874297866
BCOR,-3.2926425245589654
CRH,56.807193854281
GHL,-31.106372334171397
IPI,0.0
HIW,34.35519051597461
BLDR,120.76454684728202
CPS,-48.016931538653544
CHEF,18.538098916341262
REXR,61.6420066194686
KURA,-4.181187216165597
GTHX,35.12270463603721
TK,56.622638617185906
GPRE,17.94657622374054
RS,71.43527164630584
HIBB,86.18858212061063
HEI,50.396056698664395
CFR,13.226613750023908
YPF,-14.950299636659295
CMG,88.81045042614203
REG,15.097629236440666
AVXL,54.166666371008695
AXDX,42.13624163620029
RPM,36.208589060474054
CTLP,87.81725857607955
BWXT,61.645334226327094
WOW,-0.9345753933683855
PRMW,-4.201670113714472
WOR,24.475640716730908
NUVA,59.56260447721255
ADVM,237.8299169443381
SWIR,-30.89724745571832
HUBS,26.516604042458603
FRPT,83.16801992251173
QUOT,-7.504692328199954
COLD,44.106214231396315
NS,32.65664618956304
FMX,10.068078036763639
HTLD,15.304561805151232
VRNS,51.18677347967522
AYTU,21.24999761581421
PKG,36.56694166760119
CINF,42.17786501884791
ANY,-74.74025920744708
DENN,21.21950989745326
CLX,4.26622913254539
VGR,64.10942279239407
HII,32.43730665438031
GLRE,4.875511375682078
PRGO,29.789491544102635
RRR,13.83849642010231
MSA,34.90227945697102
SQNS,-10.714282926653432
ZG,50.70840561304729
ACM,60.45387803086967
CMP,55.26799617312056
GGAL,-42.27026928310639
FTNT,53.21469814675132
CLDX,-40.53333282470703
MCF,0.0
SPB,52.486464052275196
IFF,-1.9222805945796395
VCEL,-1.8612517328042242
SRCL,73.06754331937026
RBBN,-40.03868744901901
DBO,25.678401047815573
RYI,77.62762877111376
MAC,-31.47894008916479
SENS,-65.947955795601
IQV,35.16752498191264
WNS,60.948914797480406
WTFC,5.846979398426284
SGRY,55.30753820894285
VIV,21.517294271892773
XPER,0.5953677071351909
FCF,22.51991480206999
VG,-14.631341164888964
SNP,-8.571070023974055
AGEN,62.151401877503574
RPAI,33.18420323240255
IVR,27.3004208773521
RPD,80.30254588993684
GLNG,-36.21651942308074
PETS,6.4312421268479385
TTI,10.734466625304858
THS,-4.339251932610628
AMBA,68.08216326693099
RRD,-3.856718558304139
AMKR,94.90254853152041
TBI,9.712718336186674
COUP,134.11236936478787
MNKD,9.322035524976014
ICPT,27.42416264158901
MITK,-32.120676267608275
BHE,64.78809405073748
PZZA,60.21653123919455
BGI,-7.2165000399412556
BCE,23.275893041518607
MGRC,54.46436540853183
FANH,19.536539187674432
INFN,97.0223236687636
MMSI,-41.31579160595956
PTN,1.2987000923330156
SPXC,86.5102631504798
ARCH,-13.63869455739048
AM,-25.86208948673293
TGI,112.07354436919157
AWK,40.89712928365057
REDU,-12.84290059670043
R,15.829740371253239
SREV,57.54717426734641
EXG,25.978480213946042
BKH,31.768055107392595
AVD,25.661284594598964
CMCM,-33.66591548517893
UPLD,30.47131161678419
GPN,79.16293874891218
HE,35.50214528023728
SJI,27.218124559001865
CCOI,52.68522627894286
SEDG,163.04285566853437
LLNW,64.51612469060863
PBYI,-59.64022197033334
IRWD,53.103476495270115
CSGS,64.6158058633173
CNSL,-58.80543012265497
SUPN,-27.616725718614106
DPW,-98.76041660706201
UGI,-11.427017179466318
COLL,15.617982055063228
DRNA,87.17077170642065
BKCC,1.5572184433384368
CBD,1.3575766237924174
SMG,74.32291070374814
PACB,-30.540543239947354
AVDL,171.582743468896
JNCE,125.58139019105276
WAT,27.392175579981227
FLOW,60.598087566742024
MKSI,67.96764710689028
CWT,13.031704279532711
MTB,20.173035542884975
CRL,37.510126512383806
CDK,15.00422996483535
FDS,36.00442961821839
JLL,36.83822434985375
HSC,13.685773167430437
LNTH,32.57918471142352
SAIL,-1.1311288155461294
PNM,29.171388662210333
MXL,20.294784850201765
LOCO,1.20321059302669
RUSHA,32.75259743889162
APPN,44.18867579046285
RHE,-3.448280681469336
AVY,48.28016753412271
WMS,68.02100523556196
MCFT,-18.096721919274813
DHT,111.92931084677211
AVA,16.406137447741074
WLK,5.663282457509838
PSA,13.068498372198908
AAWW,-33.900742507837464
WIX,35.00275255757247
INO,-21.800945109373682
NTB,22.033961137313366
AAOI,-25.188916695047688
FOSL,-52.530120883387355
STE,47.83818694390318
OSTK,-50.106156166766525
FOXF,22.074043947801233
MDGS,-36.49635023793565
AZPN,48.72709867938564
DCI,36.1410188698875
FTAI,47.02676198831021
DSS,-62.280703711243035
ONVO,-64.00000095367432
AIZ,48.68461996595263
IRBT,-36.10549920109916
SBLK,25.559726310441473
CWST,65.57553972135969
BURL,42.37636960871534
LEG,46.43567571813122
COR,38.01042720893714
SOI,14.18415000724168
PRA,-5.854765094115912
GPMT,11.075048072278369
INT,106.07010273548522
UMBF,12.968220655973333
LPG,165.97936278846197
SOHU,-37.366946407565024
FGEN,-6.394588224990214
BAP,-2.375761578588453
BC,30.53430876083652
OCSL,35.22503120769403
MBUU,17.503594134582524
HTLF,13.678119543685218
BLKB,26.507263282537448
SNN,34.36607547869864
CUBI,25.249864172899493
ENPH,431.0975356823443
CADE,20.870159738829745
AJRD,34.175734983528464
APAM,62.4805271222855
PEI,0.49026389040413626
HLIT,62.162168056648646
ST,19.657926219756217
IPAR,12.994093689377301
CRTO,-27.06229058600637
AKR,16.022011446223004
MRTX,188.60021546844737
ZUMZ,76.04484932772768
MLI,35.930943367467854
ROG,24.705066529893887
UMC,57.86428681944828
BAND,55.009689072627886
ABMD,-44.96386596958147
KEYS,67.09540917132252
HRC,34.579176874941034
SSP,-1.627964314699417
FRT,14.67931703824171
NDSN,40.56478197283514
ASC,95.0431217817971
BATRK,18.301969274499406
STC,1.034910764592053
IRT,63.62011618945475
FFBC,9.285463247981134
DLTH,-58.80281708533691
LII,14.201978024704513
OSG,36.9047633408149
GOOS,-17.373458335261265
AXTI,-3.333335452609592
EGRX,47.61670934847315
BMO,23.208077285766027
EVV,19.61298869824697
DBVT,53.07582488738048
EPAM,85.58432840138892
PVH,12.650978334534324
CRBP,-16.641223219042388
MTD,45.27874537002313
BCRX,-59.41176414489746
TOWN,17.414429491541046
FIVN,53.97981121413511
EGHT,2.8667695069541566
ESS,30.508056379820918
JKHY,18.625212638034306
HT,-8.45777610669839
EPAY,14.848940597960155
CPHI,0.0
WPC,31.254051219595887
VRSK,38.41260561597304
ICLR,34.82855691857505
AQMS,-59.189189972887945
AWR,34.193070768915035
DRRX,603.7036669107146
VRA,34.090908352008555
WLKP,22.502165538634937
BFAM,36.3421833522782
IOVA,192.91006205140093
TEN,-51.772823701669765
SUP,-22.618069204335633
LL,-2.0060160873469997
APD,50.44986966535128
OSUR,-31.191090998507626
AVT,18.342731829573935
SXC,-28.10130404946602
ATTO,-31.264911853600353
NVCR,157.5488798874058
DAR,46.173874346527036
PCH,46.71233738729571
SAFM,78.13347062416267
CRIS,107.3170807941694
RMBS,72.03494805511166
PRTK,-27.648113364306916
AJG,35.103073428866566
RGA,18.600305200848883
TAST,-27.84032896198461
KB,3.0324402654307714
OTEX,38.76357855398228
FHB,29.857103828009546
SANM,42.37007386554786
SNV,23.927436812081986
MOD,-28.835489589260742
MGI,-2.7777860562003345
SNA,17.77678281278209
KOPN,-63.636363882663815
CLDT,12.148351190289663
OSBC,1.3594822457744422
BRKL,20.51322753124731
DEO,23.44943415468304
UNFI,-19.780218244697807
SAH,121.0466107106617
NVTA,42.617140250409065
HZO,-9.978426591771859
TNK,208.89173461800797
SATS,44.83615407813515
SLGN,36.97399749241633
IBKR,-11.812439473010278
HMC,11.111959737334399
GPI,86.90303287527944
CPA,36.66610663649382
ROCK,41.36770794643772
RNWK,-50.41322273338814
HOV,9.842109680175781
ASTE,30.369168942305237
ACET,-83.2584262714224
CTLT,82.14170014554101
DMRC,109.09659170449476
CUTR,123.95248208803982
UEPS,-22.500002483526767
AMCX,-30.26129868352533
NMM,33.81322860525501
SAIC,39.91696930530367
DIOD,76.04621525924156
RARE,2.372957418031558
INOV,34.23679800525623
TPX,107.38445912839822
BNFT,-52.11697800046922
VVR,14.911765584523662
PLYA,20.171672297301907
CFFN,12.36109826409407
HSII,4.849068284126934
GDS,130.57666471157043
UL,13.179694742214757
LOPE,2.493047136613755
HVT,9.708445733191716
GOLD,43.53349116769692
RLI,35.58125737757651
KEX,31.739258365811963
SMTC,14.626218367977506
OR,10.809676856843858
XNCR,-3.911711344135567
DIN,25.408461858415638
SCHN,2.4335891512191923
NM,39.9999985098839
HSON,-18.70748323592988
UBSI,26.00912994699988
GVA,-30.454267478780466
EVTC,19.32899108232749
SMCI,59.07284669502595
FLXN,66.13162680228946
DESP,6.141730273115057
ODFL,54.44383884916009
CFMS,288.60102882865067
TGP,39.78053529987125
NFJ,29.305630024496747
ENZ,-6.071422884658794
KRA,10.567686098718204
WLTW,36.77314968338731
CDXS,-0.7448841383425603
FCFS,13.507204137137771
URG,-9.230769936149668
VREX,23.744289236710596
KDMN,100.44248800548827
CNS,93.40217596964887
LXU,-27.08333602382093
SON,21.516857887688346
GDOT,-70.25405503332564
ROP,33.61878811470092
NLS,-84.36103605340747
SITE,63.56911678260355
LSXMK,28.304904690529604
MSTR,10.935674541215699
COHU,42.34202322507159
RBA,33.004837174380654
OTIC,102.6455001425781
CPRX,77.72512731948238
ZIOP,113.57464745336598
EFR,14.600488750947594
GRMN,60.152426559288784
MEDP,60.4198379976742
TEF,-13.075916117323228
CSLT,-41.921394538402886
KEP,-21.290749463549304
CEIX,-55.16069235103702
GIL,-1.102907614804703
KYN,8.756940072678042
NVGS,38.153848892603165
MCY,0.7203605301303369
TWOU,-51.67203854534925
MDGL,-18.059179233885022
AZUL,49.07697875966928
TCS,-14.74747696464314
ACTG,-14.19354297864185
GATX,19.891034510121255
EPC,-16.818915186197348
SRG,22.21761711792876
AMWD,79.29319007505968
CATY,16.127376194708336
MSM,7.25062152200599
COLB,14.80140972002827
GBT,93.26524629096522
GEF,25.23304470218993
LOMA,-28.388281016785687
MPAA,34.987751829628884
HCHC,-18.726590657418264
GGG,26.81475975815994
COWN,12.660948281801925
GTLS,2.3351038465338254
SKYW,43.473317514869706
CONN,-36.72114202451128
EZPW,-15.802470981811195
GNL,26.181489522493216
BXC,-44.1614430078708
NPO,10.261651808400604
RCI,0.007280110334116619
BSMX,14.958819596818573
MHLD,-56.14035185562152
AERI,-33.4526424025871
BAK,-38.83178671878307
CCU,-20.92388045618766
KPTI,100.52300454880682
GEL,20.514690676000335
AVID,85.71428866318597
HEP,-14.53296344430742
SLDB,-84.612725458072
GNRC,97.27396161347849
WD,52.400006962319445
TBBK,57.40292023416872
IVC,110.24127713396092
TOUR,-48.987855227993315
ITT,53.010860170533526
MTRX,26.4787118174428
SPWR,53.84614721774879
CHH,46.37255783798176
BDJ,36.6416417723976
PGTI,-6.4030159336046335
MDP,-33.7894601019626
SLAB,46.36548016612516
WWE,-11.98353685994794
RNG,108.28598564697838
EHC,15.058068228354685
PEGA,67.44319577514185
NOVT,38.01498113963244
DTE,24.096540947551915
MYGN,-6.103449854357489
DEA,62.38894247309625
PXLW,20.987656319619237
ERF,-9.18428550298306
AEIS,64.2445368567369
ETV,19.843335251884024
LHCG,47.96992133692562
NDAQ,34.81993317529015
NFG,-5.37026791242823
WSFS,16.006789229439914
CNNE,112.87922202881855
WCC,23.626141252742112
BRC,34.23132229499196
PIRS,23.972595581352664
AAT,19.702983986948155
ENR,15.396931027678368
NSA,38.58529796424446
ABIO,-3.8720541558565515
RFP,-48.08405815737141
SRRA,-73.48837150159733
MMYT,-4.344197545224836
UTHR,-18.17928417782662
CALM,1.800604589996043
ALRM,-17.460622191322965
USAC,55.2782518601277
MKTX,82.47590053477609
LSCC,174.99998972333717
PTGX,2.322210846875959
WSR,22.43278574355561
RWT,17.152683440065715
ECPG,44.09127665507956
SFL,47.38867577698744
AME,48.72999784616554
BKNG,19.285011251285614
CSTE,10.1539273803617
QNST,-5.083687438399908
SR,18.48610713478403
PMTS,-61.53846114658352
SIMO,50.65918976654989
AMED,45.42603236118264
HRTG,-9.90279125320502
VNET,-15.204680254201605
AYX,71.00136519487712
CHRS,97.42323888924965
BWB,31.36320337118878
BEDU,-19.4740862028017
CIB,42.84008401122731
FSP,43.08026827073454
IIIN,-10.501705718737911
BLD,127.34892254995096
HFWA,-2.741142858737948
SCSC,7.256893888633654
QADA,29.856906244759752
NETI,20.24772530641988
BHLB,24.355239688149545
CASI,-21.772155016015997
TSC,32.38723489738503
RE,32.664383148505536
LUNA,117.61194535474479
FBC,43.126613989187554
CLS,-6.447960237391541
PHK,3.5737179576342792
SFNC,12.361118891840652
GBX,-17.217436118905184
VRS,-21.574588230806402
HUBB,53.374664298012085
PBA,28.12661352003088
UAN,2.686607566727675
GMED,48.64933138306417
VERU,139.28571154876624
PB,14.636965273879222
VVI,36.49313086483728
MRCY,51.324728226823055
LCII,64.65882043932451
ICFI,42.79074284137178
ACIW,39.60943346262636
ADX,36.429016968539315
PTCT,42.903891422436004
TFSL,28.210396497921618
ATNM,-50.0
CSU,-56.540086440716884
RRGB,23.347029858519903
CECE,11.824816847541097
IART,33.24187595536403
APTS,1.7471429228526274
III,-29.54567325154351
JILL,-67.92439953819877
YELL,-24.10714190681367
WWW,5.821352767182928
LXRX,-39.94211017353837
PRAA,42.24137376932293
RPT,37.58958806250525
SCVL,7.026466182075859
AFG,28.604624287871882
KRNT,83.93336066413856
CYD,11.292684471468629
MYRG,14.834394349247642
BANR,7.686818367955578
CRESY,-43.40835852635848
FPH,0.7246335247339231
MNR,26.92288461648003
FN,27.33699660153313
CPK,22.451693782294736
ORC,6.516783346853687
SLF,42.518124159927275
KL,69.60586992877253
VSAT,26.14615971036704
WK,18.5508818435473
ADMS,-58.21389096610682
FUN,25.83301777283891
SIGI,11.123105267571107
CACI,76.13613640087367
RMTI,-12.23021286576991
SUPV,-56.04894246623079
ALKS,-29.92099213053262
GLDD,67.60354349248502
BOH,43.538047493933306
FIZZ,-29.89832456266333
LIQT,0.8620640043698012
CEPU,-45.200930193246506
SBBP,-52.927930467692406
DORM,-15.28305711845664
EVBG,42.40379212760054
AEMD,-95.94936730954238
ENV,42.04405671805769
AIN,22.88644166896579
CAE,44.51842731932757
ATRS,65.49295603200282
NUV,17.96634605653112
HXL,28.026132019957306
SWM,72.80160205383821
TUSK,-88.37758326477207
EME,45.991207377476385
VUZI,-61.121857624727504
OFG,43.850715997750555
GLT,84.91018388388271
PHG,43.80468412268782
HEES,62.672895924001104
CMO,24.224394073595125
BXMX,20.838084972372638
AZO,42.07972597363044
AGFS,-33.160621921674796
JKS,120.70658191599448
SNCR,-24.483306378261805
TM,22.483851593447877
UVV,9.75988383087275
BIOC,-70.40816286810733
HUBG,37.87634371939333
LAD,89.02008872418921
TWI,-24.351981239467513
SNBR,53.97123947245527
RYAM,-63.97610685927451
LOGI,51.10542412302607
DCO,38.666302644316005
FLWS,19.047616064823544
HYT,29.6541896148755
FCPT,15.98362923121874
EBIX,-23.08075956222135
ENBL,-18.987794713194003
MFG,5.94442740317934
ANAB,-74.49780337618661
ABUS,-30.500000715255737
ANSS,79.99441546010623
NVRO,221.58687652268264
MMS,16.06062600679937
HTGC,37.61985411747083
CBRL,0.40714867132848265
ADXS,-80.61017076911837
ITRI,74.64114308551001
GBCI,18.970111916308504
NR,-12.916664624655635
ERII,42.50364082875549
CLMT,51.452280720950064
RVT,33.04343853861855
AINV,53.024015963632344
FMS,14.941694397047584
EMD,25.192079817026926
RDY,8.821665834049591
CERS,-20.973788958666255
BL,26.310636351691542
TLK,12.732221829431872
SSYS,7.720973389643788
HTH,39.357669440149195
LKFN,23.18476275879814
ANGO,-19.141409869778176
PKX,-2.35393076394879
SVM,158.80057143714865
LE,15.384606819282062
PAG,26.683100409958584
PRIM,16.89147248713329
CTMX,-46.798972596027895
RDUS,19.643913299743623
BBGI,-21.16772570927517
CASH,86.69599853649325
PINC,1.8279365771903584
SFBS,19.29312618302777
SMPL,50.84567019260693
FNKO,21.52974494682624
SSTK,18.42036242032712
ZBRA,63.492059306527906
BMA,-13.400901393500112
GABC,27.710689615762128
NCMI,18.73694031706358
PCSB,3.7306721698722547
FDP,24.098115345432298
MGLN,40.2329768277647
ADMP,-70.71129885548115
EDIT,26.86375499902671
BGY,26.40976547937936
AB,20.073427244061897
GAIA,-23.904764084588916
PRGS,19.526419506673857
TRMK,23.26041128975133
ACRS,-75.32637045243008
NUS,-30.42018081441714
SPSC,35.468096738335916
EFSC,28.351719754367966
BOKF,21.21334580491659
MD,-15.170933030051689
PSMT,21.957275790201447
FTK,90.47619912629806
UVSP,26.201756549507383
OCFC,15.722926734372722
RADA,98.09161389001223
PAM,-50.660658613798546
GOGL,-1.2751774057943177
CNCE,-32.0191555716227
CCRN,54.93333180745442
JBT,59.30655499834313
PJT,14.05843324808081
BKE,52.56456204676901
RHP,38.05592483717476
IRTC,-1.7885554023000647
ADC,25.924067460595555
ENVA,20.239876015667903
QTNT,52.160003662109375
CMRE,121.74733954215738
EGAN,17.857147672144073
ZGNX,36.64482040126014
TPIC,-27.35478586567804
ARW,21.840394170374957
NEA,20.599630653102636
TA,-12.722646557420076
AMG,-12.50350166544748
FRTA,173.28606069719905
PI,73.55705551959187
NMR,40.91000449417512
FMBI,17.44007457930015
ACLS,35.46935998432093
ITCI,197.82986119734466
LSI,24.988485310008116
VIVO,-41.57219936219028
MCHX,34.042555350100365
EPR,18.81618404017101
IGD,15.338080310769106
CRAI,27.980781571315195
DSGX,62.557078023258185
CTIC,69.89247642620295
GUT,42.13735266063796
AIT,27.74936060416675
HCM,9.956142691767598
TREE,36.432713207630535
MODN,159.01033820996176
AXAS,-72.86821625194155
OUNZ,17.894575375289705
CTSO,-50.95541463178178
SNX,60.652405751132136
ACOR,-87.42293484432766
PCTY,102.88833122206438
TX,-16.616192478304185
BSAC,-20.030239415787765
ALIM,82.43079520941069
LILAK,28.70370240123187
PTR,-13.56239977907886
ASUR,55.21822267137206
SSL,-26.008524730069915
GSS,18.322978538107616
HMN,19.363391544728017
NTLA,7.080294018491955
AEHR,29.87013308711196
CHCT,58.26827411024751
MSBI,33.02344002000256
HLNE,67.69733069240542
HHC,31.235768419850736
PMT,28.80641686276939
APPS,277.24868615908866
SHAK,33.71492865317209
GOLF,53.69495942523369
WTTR,36.47058048050318
VYGR,48.08916875034042
DOOR,54.09730717869683
LGND,-23.87591174049099
EBSB,40.878987225669576
CENTA,-7.381703773722272
EGP,53.3060434454892
SNPS,65.61569529334
FCEL,-63.30409452529607
PSO,-27.393341143679734
AOD,32.88651026299049
EEX,-9.379449226391504
UIHC,-20.86242097412257
VCV,16.4649295842667
BIO,62.236932571312664
E,4.295038273560181
MIME,31.53426825418839
KRC,39.962069169885936
RVNC,-16.81189466000069
NATI,-4.47399668261396
ACCO,34.19715342745352
PLXS,48.70506367499252
TRNO,61.41584569522281
ASGN,30.675749265595286
CVNA,185.33790403304337
MANT,57.55869607152129
OMAB,53.97985246543592
VNOM,-2.1233049277029634
TCPC,17.77534808583284
IBTX,16.226831508957616
FWONA,45.933329264322914
GER,8.172186787435196
QTRX,29.550435621074655
ZEAL,168.8259088052631
ATKR,96.88564762331357
UHAL,14.778032762796403
SJR,16.43566462767179
SA,3.211346829545784
BCOV,23.262402060693997
ACBI,8.195762806789622
CVBF,8.634003784622932
NGVT,3.9990487319649763
BY,16.66849733951263
LSXMA,29.182249133685335
PATK,71.53680635578337
INUV,-72.97297224732598
VBLT,20.845929791968977
VMI,37.03862570596625
BPMC,56.525986972786555
SASR,24.156696657019392
NBRV,-21.428568995728675
TVTY,-17.34362433879035
FCN,68.4579076714378
WEX,50.994813199732405
NXST,49.51133719105955
CURO,24.66734566683857
KODK,83.79447225104553
MTRN,33.27036623735029
TECH,55.693487399879174
WING,40.63909561151207
HAFC,3.730362082955148
ADES,6.829758470254184
ATRA,-53.289846575811374
BOOM,26.473358223449946
GLYC,-47.205591614976
SPH,24.51799085344466
NEWR,-17.314712375574725
VCRA,-47.42973070015872
FXE,-1.9734409272120317
BZH,40.59701339575519
EXLS,33.42296821395893
QLYS,12.540497686155472
QURE,151.17420938462303
STAR,64.99364072038742
CLSD,152.17392656438096
ICUI,-17.133874876982304
WVE,-80.4437922799119
MNTX,-9.021409113597631
LSTR,18.508098598308067
LTC,16.77101898669918
ELS,55.02057387143214
TGS,-46.075729764188324
CDR,1.6600751973457661
VGZ,35.18518334553573
BIF,17.777217943677027
NAK,-27.118639615855116
ASIX,-20.887836037795314
SYBX,-66.14173277619729
TEO,-16.592534130273012
WASH,16.884854274446624
XLRN,20.254026478273055
RMNI,-28.014838394221194
LMAT,55.408788246473705
ZEPP,20.561686417545005
SRT,22.018349627213958
CBZ,35.68192222337518
BLRX,-70.0
KIRK,-87.44939276139966
CDZI,7.407409472978764
SAIA,70.73707587722299
CRMD,4.748207332369779
RQI,56.65314548173289
THM,3.846161781683767
RRTS,-27.764705583160996
OGS,24.858713461909794
RBC,22.7876924429258
CIO,41.737369750338424
ADUS,49.17907618881938
LBAI,19.17764166054568
NWE,27.526148560863117
POLY,-17.37685093226059
GOL,34.57320991575506
ELF,75.8996622308158
VAC,87.27323938427217
OMCL,36.31359496365793
UFPI,82.09253781532709
IBOC,28.297034840733858
VEC,132.36627181551668
WBK,4.171610621135094
CSQ,38.348410943031716
HELE,37.99217326789781
IIF,0.03793852385559796
XSPA,-79.06250093132253
BRG,39.09706069878812
GSV,-32.812497380655195
AIR,21.384287368320212
EBR,26.783173720702585
TRVG,-54.74956989946889
SIEN,-34.457482731958024
HASI,70.5325100977585
CVI,23.050116800937396
CPLP,-3.4735023700477825
JOBS,34.84752662078285
AWF,20.24498410030601
FBK,13.457364837360725
NICE,45.203552748820556
KALU,27.15893560776329
RELX,25.925387286053436
CAMP,-28.614009916223054
JE,-11820.630175652259
ASPS,-12.691958190641136
RGS,4.319916606660711
BNO,33.99742814392121
ZIXI,16.09589097020682
ITGR,8.264906870347227
CGBD,17.7285894405277
RGEN,78.95144603893235
KRO,18.410686764613935
SB,-12.820512507010424
AOSL,29.222010767109747
CVGW,28.250822590949166
DSKE,-16.180368652042056
DGICA,12.491063109254313
CCO,-45.93572938148001
SILC,-7.172769685135777
RGLD,45.9873026057667
GBDC,20.140607611661043
OCSI,12.888196419584276
EBS,-6.499133362938557
EURN,76.24834952967852
QTWO,69.44619522800092
SAGE,-19.295690436773256
NOA,34.67481565006331
APVO,-53.87323710560792
CALX,-16.579771921680567
PLAB,61.145201014171235
AGYS,75.24137825801455
AHT,-25.132866373512663
CALA,34.98817996217543
TGH,0.5633842419327657
CG,113.09841489771517
EVA,43.27622172609446
ATR,29.84302611851872
TRST,28.872272589037077
TEDU,-69.75308592009519
FWRD,29.02723864691183
ABG,64.10745215528706
LBC,28.407528966336443
MARA,-42.10526274512018
DS,-10.73170314722999
FLIC,25.794514067941805
ARDX,275.2500057220459
ARR,-3.3402789551646306
ADAP,-78.33934917063901
ATGE,-26.17690097272769
WHD,20.643998372127125
LECO,26.309778814558488
TRVN,54.029306708469974
JPS,28.99894862671772
CATO,32.692305505674895
MTX,13.881814887892594
BOE,23.577697712496352
FENG,85.43129396830484
LJPC,-60.66065909111303
TREX,47.27183196980145
FTS,31.262625405672367
CCS,52.45262629359188
CHUY,41.48471893051879
CLB,-34.62040602343576
CTRN,13.454574707268579
VSTM,-62.88088442332125
CIT,20.935447790058216
UTI,103.43008220974646
GPL,-26.086957648481
INTT,-16.315053480538975
BGB,15.354810201061419
IBP,99.85491750566537
CENT,-11.076127887785447
SPTN,-14.015188119196539
NML,9.781936442785021
NSIT,71.69028645172111
AMRS,-18.253969905898458
EQBK,-13.770945538802026
SEAC,193.0070077558567
RNGR,19.259258212703102
ARGX,62.38746256985025
RACE,69.12397540498772
STKL,-37.655863907591105
ROL,-6.34854377144302
KOP,108.51064582533618
STAA,13.050457984378259
LFUS,13.611041014160033
CYBR,59.17532117887274
APOG,7.923255736725003
MPWR,55.8866334002259
MBIN,-0.3002092241914954
HI,-10.069782243818352
FELE,34.25606487688766
SSB,46.20501007099102
BTCM,13.009201453169048
ADMA,52.67176239385368
ETY,32.108717277850054
GLP,34.19103638193965
ITRN,-21.45105115734466
RYB,-10.947713869650483
MAIN,35.4406576643905
LANC,-5.620092948975479
CHDN,70.53701424782948
DQ,112.8898106639229
TYL,64.62904958863481
AKTS,42.857145289985546
SLP,47.44964619566478
RICK,-5.555513673441133
AVAL,50.69818121765011
ENTA,-14.62134016281524
EXPO,39.43328778643562
FRGI,-37.365418827004746
HBIO,-4.687502910383003
DAKT,-14.586175074506766
AAON,41.83495501756184
SKY,114.915259409759
FPL,34.895180901377735
NSTG,82.18728789022266
MOV,-30.422110347792515
GTS,5.236198590060075
JRO,16.501470985058443
CDMO,79.62529532915109
ARC,-37.94643668469305
KFY,6.926082913141437
GIB,36.80340082232631
DFIN,-28.287671277616543
NNI,10.730651174980785
FLDM,-59.4877769818773
COGT,-83.89261605358242
EVF,14.35654427549225
NTG,-1.0837634641858975
VYNT,-20.53333282470703
RMAX,25.86584505467866
CRVS,27.400470293212422
HRI,77.51178501534848
LDL,-3.932584871654014
PRLB,-8.997216252012468
BIT,12.679024733886255
MMI,9.494413576644185
CR,23.433857755130965
CEQP,13.874638550118407
CRWS,14.324833082184405
LNN,1.2091771521091226
TCBK,22.94993299628707
SNDX,97.30337324264069
INGN,-44.546338943247754
GDV,26.203417151256065
GSBC,39.081775742011274
PEN,33.4768868772244
AGR,8.838112842956715
ANIP,34.562504265835194
CETX,-74.6093753637979
FXC,5.400890502891539
GNCA,-38.39285720621242
LQDT,-7.882531199117254
TKC,10.122717356527243
VMO,13.982473825945219
CRK,56.761896042596724
FATE,44.64153792356832
NWN,29.838784722034223
OSS,-2.4154567115350485
TSQ,107.64728828671667
CODI,110.27581523339805
PBPB,-47.447074339687404
IGR,40.58497774866286
TACO,-22.9795549509662
AVAV,-9.868610688369639
IPGP,26.280930177146743
TTOO,-66.85552502642022
SAM,60.76671406458747
DSX,-3.71517970751041
IIPR,70.56144125093365
AMPH,-2.37853900764397
CNMD,77.90178597547633
HEQ,25.508330036526427
NDLS,-21.52974494682624
ABCB,34.86750437331229
BPMP,5.823611670337587
CYTK,55.57183855748513
NTGR,-26.682620385477268
FONR,-7.341173957375919
UNF,39.75198460868772
RDWR,14.425210390368134
GIFI,-34.74903237957515
BGSF,12.069092674302647
CACC,13.642312793759025
EMO,15.316728229891757
OSIS,40.11125970214378
NEP,30.72628510858415
EPM,-18.420039069794388
CNA,9.864132405258566
FXY,-0.2509996769802326
LAUR,14.648444036235404
SSD,48.41636697186533
AMBC,22.97604657323196
TSLX,27.155720657226006
OXLC,-2.978614360059177
PVAC,-45.88088553759068
TNC,49.75540181483178
EIM,18.369872304321884
PNNT,9.654678673541358
AGIO,1.0582010582010581
UGP,-10.6291509079896
CO,-19.354836228734793
TDY,68.39497538788905
SFE,40.08185398123816
TRTX,20.374434391697687
PHYS,17.454199031740067
RUTH,-1.8185670027442706
SRCE,28.685990949296404
HURN,36.07921033802599
MNDO,17.5132179116683
SRI,16.441617710375702
WLDN,-6.912708685397642
MEI,67.14448633803472
SBSI,19.963400482626685
OPTT,-88.24324333032088
WSC,92.60415662907931
QCRH,35.15680287361837
HSKA,5.94081827280478
USPH,12.899940640301825
JOE,51.48970144804261
RMR,-13.461814795509225
CARA,10.64560539879207
CMRX,-24.253734297623776
WATT,-74.23580770871482
CEI,-99.86477876342504
TARO,2.279863971899832
HIX,26.008551525362495
SBCF,16.235745654017027
TRTN,33.30484262062545
NNBR,36.69301055011967
SBT,13.26801342241905
PARR,64.3564300342655
SSTI,-12.641317117319971
ASA,44.506067416458585
NNA,163.9102369338511
PRPO,-14.583338714307995
REX,21.422220865885418
EXTN,-56.81191237642079
FRME,23.432562220614912
IDCC,-16.11869275395274
AWP,41.94760585394015
ROLL,22.953873147066624
NSSC,89.36854718291252
NEO,133.2535892263093
FPI,37.219817799627485
GLOB,94.69432839199203
EMKR,-33.03964785470541
BNED,-1.3856799962293522
FBNC,23.474695001639045
SLRC,14.86628230434226
CPF,22.064386460563934
DSL,21.93144923970726
MTBC,5.729167539781599
NEON,4.301077543014524
NXE,-27.683616656326215
PBFX,8.938350692607903
RCUS,-5.4307107409442015
AMRC,24.378112150475307
SD,-46.59949948914166
EGLE,-2.5423732727353756
MTEM,231.51659873620068
EGBN,-0.5461845415393971
THG,28.272242527055557
NOAH,-18.42712538283337
IDA,21.676450534571636
MED,-10.881040689114323
FRBK,-34.68750365544105
PEBO,18.697232100166968
ODT,127.71930359957511
LOB,26.02728858566257
ETJ,27.658827318844647
MCRI,25.8423974412064
NSL,15.389290260675148
CRNT,-45.454546580489186
WMK,-12.729590316621803
IDT,13.902055687951734
INSG,73.69668929232729
TNP,61.415356274863576
NGS,-30.77356938075247
CPSI,4.411013329206776
AGS,-48.47068970825832
SCPH,46.63212438433496
GPRK,52.2316622572763
CDXC,26.392957017466152
BBSI,59.62526061826225
FOR,52.07877697634046
PPT,24.469873259056087
VLRS,95.13108199527235
ASMB,-11.19792416898711
CIR,107.07569116190332
FARO,22.090195016677274
THR,29.218898422464484
RNR,51.51541319847344
VWTR,19.185423113508506
CHE,59.28691593711983
JRVR,17.073261067335505
NBTB,19.245620670208545
CMTL,49.62203824295081
CRSP,103.90022453330462
DHX,76.02338732840137
IVAC,31.716413561924554
KFRC,33.448747224928134
MUC,15.637600539111254
CDTX,42.22221653157311
CNOB,37.513170022602985
GLAD,46.96805815239984
UFCS,-17.922818051355627
CCMP,53.55211313388366
TRS,17.772777493658083
NSP,-5.346552871444052
BBN,24.6294582678963
NZF,25.431669444805944
MEIP,-5.703425431193127
CLNE,29.999998675452304
OMEX,-12.1212133153948
CBU,22.852233106609084
XENT,-6.636672113611897
TCON,-67.22689134557238
VKI,16.73952049161695
NX,24.421340960834854
STRA,43.87470597570752
JAKK,-42.77777671813965
NERV,2.7456655364983007
EARN,16.597557727677255
ATNX,19.577133205818296
NYMX,40.12738689069913
ALNA,-57.54276684360564
MYO,-80.58064573554582
PDFS,95.7126206914614
MVIS,2.857148695965302
TBK,27.370184160418688
PFSI,59.36819188035468
AQN,48.312814877512345
FIBK,16.572310629325145
EDD,23.81476489222458
FEI,33.01905514190766
GPX,3.9277299134306416
MARK,-59.37500058207662
MCA,15.64107639340275
OPTN,34.992684773353645
VOC,38.30498748247156
SRV,31.619546345947075
ETO,49.14876320252373
BLCM,-61.2612615192691
FFIN,23.285413996172174
RGNX,-5.446573991742013
APPF,86.22966673993676
KE,12.06896173731936
ASR,24.002363880581523
MBRX,-18.303572283867698
AFMD,-14.906832758031282
ASYS,46.72130490784633
APEI,-0.6528846832362248
PSB,32.368482939966086
GORO,36.38376287958106
MN,-1.4667558288515443
AFI,-65.94896336590149
VICR,24.453916039673665
MORN,40.51556701425804
EIGR,44.519874026195424
ATRC,7.471068831514721
ICD,-68.54889581364061
CW,37.49133398429175
APLS,124.81645445312344
ALE,13.713700167158985
Y,29.857239700143513
HZN,118.12499734573069
UEIC,97.58032821971618
AUTO,-27.98833875984667
CKPT,-18.483406913528967
HTBI,0.7712874108232614
IDN,243.57796063096927
KOF,0.9921225405446279
LYTS,73.43148245371472
PHI,-1.3702401685695242
CTR,17.387337345861447
MFL,7.97306834007268
ORA,45.0817256659072
CMPR,19.360342948407208
ESTE,31.87499317030139
VKQ,15.045068701476282
SRDX,-10.730445073496417
OCUL,-3.6585331814122357
WSBC,4.319622172854022
PFBC,40.10389986866359
CARG,6.80024824485123
EMAN,-68.22430028885412
EPZM,268.81559370443415
WMC,36.49528461191468
LX,87.19676820084844
AIMC,40.99915537199416
CHI,32.107793874569964
LEJU,49.99999555189229
NCZ,22.334382527980782
UTF,38.33403407376315
GHY,25.245147303604238
HMTV,22.222229199263623
PAC,48.72296325692542
CTEK,-30.232559428980956
PLX,-3.529415312110247
NVEE,-17.050310726600106
ATRO,-8.838875074884896
CFRX,-65.11235784090698
AZZ,14.934297095631521
SJT,-48.06863778033332
DX,8.840125419403911
IO,50.43328134954337
BLX,33.055901552166574
ENSG,27.460923082228426
CYBE,2.4526121160012404
EFC,31.831866228674034
ACP,26.52355607049397
AMTX,29.890451513113813
ICL,-6.532639536577841
NHF,-0.42610176918151293
PHD,17.926114310433114
RWLK,-55.233157073229734
NBEV,-65.59546189836716
ECOL,-8.244866349676778
SMHI,11.75040349542499
SHEN,-7.350111254800924
ITI,36.71231892435991
HNI,9.887725947349772
LPTX,-54.09836153675233
NEU,22.05504971984178
FSS,63.5945757965713
HCI,-5.57013739966679
IFMK,-56.29709584875793
NXRT,36.4404624409335
QQQX,27.488641586588447
FRPH,5.663983916446314
ISD,26.946102722630815
MRIN,-76.20689741638125
NLST,-23.076917198752763
NVG,23.81293183898805
PHT,29.5035876440884
PIM,19.556294475919774
PRTS,126.80412193758104
TYG,-1.951819066666912
VBTX,36.27381053545969
FRO,130.01431534398262
HY,-4.068039536049954
BCPC,29.978833704870585
CLH,72.53520861903586
USNA,-32.604031750325106
OTTR,10.281246492189997
CTO,13.93170245030564
VBIV,-16.36363544411566
TBPH,-1.1077192977343495
WPP,38.78252261196319
PAHC,-20.693390219478804
